,initial_capital,final_equity,total_return_pct,total_trades,winning_trades,losing_trades,win_rate_pct,avg_win,avg_loss,sharpe_ratio,sortino_ratio,max_drawdown_pct,calmar_ratio
Train,100000.0,7564042.65915094,7464.042659150941,187.0,132.0,55.0,70.58823529411765,110566.78775896292,-122173.41620578166,1.3634138301558087,1.8985019748863818,-59.25135756281947,125.97251719063844
Validation,100000.0,94583.0157093143,-5.4169842906856935,64.0,29.0,35.0,45.3125,11797.095223843922,-9659.030647121252,0.9079345263551923,1.5033123062210347,-58.15339690267738,-0.09314992036924838
Test,100000.0,298873.9277399012,198.87392773990118,54.0,25.0,29.0,46.2962962962963,28284.373321876556,-16889.3766906437,1.0851940499881902,2.2956960930629817,-50.299672733807355,3.9537817431212483
